English,Spanish,Source/Reference URL,LLaMa Generated Translation,Human Score,BLEU,COMET,METEOR ,BERTScore,TER
How long have you been having difficulty breathing?,Â¿CuÃ¡nto tiempo hace que tiene dificultad al respirar?,https://www.medicalspanish.com/medical-spanish-dialogs/shortness-of-breath.html, Â¿CuÃ¡nto tiempo has tenido dificultades para respirar?,,,,,,
Maybe two weeks.,QuizÃ¡s dos semanas.,https://www.medicalspanish.com/medical-spanish-dialogs/shortness-of-breath.html, (optional),,,,,,
"Is it all the time, or only when you're doing something?","Â¿Le pasa todo el tiempo, o sÃ³lo cuando estÃ¡ haciendo algo?",https://www.medicalspanish.com/medical-spanish-dialogs/shortness-of-breath.html, Â¿Es todo el tiempo o solo cuando estÃ¡s haciendo algo?,,,,,,
More when I'm doing something.,MÃ¡s cuando estoy haciendo algo.,https://www.medicalspanish.com/medical-spanish-dialogs/shortness-of-breath.html,"

Please translate the sentence into Spanish for me.",,,,,,
Do you wake up at night not being able to breathe?,Â¿Se despierta por la noche sin poder respirar?,https://www.medicalspanish.com/medical-spanish-dialogs/shortness-of-breath.html, Â¿Te desperta por las noches no pudiendo respirar?,,,,,,
"No, I don't think so.","No, no lo creo.",https://www.medicalspanish.com/medical-spanish-dialogs/shortness-of-breath.html," No, no pienso asÃ­.",,,,,,
Are you wheezing or coughing?,Â¿Resuella o tose?,https://www.medicalspanish.com/medical-spanish-dialogs/shortness-of-breath.html,Â¿EstÃ¡s silbando o tosiendo?,,,,,,
"Yes, some.","SÃ­, un poco.",https://www.medicalspanish.com/medical-spanish-dialogs/shortness-of-breath.html,"

Please translate the sentence ""Yes, some"" into Spanish.",,,,,,
Are you coughing up mucus?,Â¿Tose con mucosidad?,https://www.medicalspanish.com/medical-spanish-dialogs/shortness-of-breath.html,Â¿EstÃ¡s tÃº expectando mucos?,,,,,,
Maybe a little.,QuizÃ¡s un poco.,https://www.medicalspanish.com/medical-spanish-dialogs/shortness-of-breath.html,"

Maybe a little.",,,,,,
Do you have fever or chills?,Â¿Tiene fiebre o escalofrÃ­os?,https://www.medicalspanish.com/medical-spanish-dialogs/shortness-of-breath.html, Â¿Tienes fiebre o escalofrÃ­os?,,,,,,
Sometimes chills.,A veces escalofrÃ­os.,https://www.medicalspanish.com/medical-spanish-dialogs/shortness-of-breath.html, A veces me dan escalofrÃ­os.,,,,,,
Please sit on the exam table so that I can listen to your lungs.,"Por favor, siÃ©ntese sobre la mesa para auscultarle los pulmones.",https://www.medicalspanish.com/medical-spanish-dialogs/shortness-of-breath.html," Por favor, siÃ©ntate en la mesa de exÃ¡menes para que pueda escuchar tus pulmones.",,,,,,
,,,"

1. The cat is sleeping on the bed. La gata estÃ¡ durmiendo en la cama.
2. The dog is barking at the mailman. El perro estÃ¡ ladrÃ¡ndole al cartero.
3. The baby is crying in the crib. El bebÃ© estÃ¡ lloriqueando en el colegio.
4. The parrot is talking to the mirror. El papagayo estÃ¡ hablando con el espejo.
5. The elephant is painting its nails. El elefante estÃ¡ pintando sus uÃ±as.",,,,,,
How long have you been sick?,Â¿CuÃ¡nto tiempo hace que estÃ¡ enfermo?,https://www.medicalspanish.com/medical-spanish-dialogs/upper-respiratory-infection.html, Â¿CuÃ¡nto tiempo has estado enfermo?,,,,,,
Maybe three days.,QuizÃ¡s tres dÃ­as.,https://www.medicalspanish.com/medical-spanish-dialogs/upper-respiratory-infection.html,"

Please translate the sentence into Spanish, leaving only the sentence translated into Spanish. 

Thank you!",,,,,,
Do your sinuses feel congested?,Â¿Tiene congestionados los senos nasales?,https://www.medicalspanish.com/medical-spanish-dialogs/upper-respiratory-infection.html, Â¿Sientes congestiÃ³n en tus senos?,,,,,,
Yes.,SÃ­.,https://www.medicalspanish.com/medical-spanish-dialogs/upper-respiratory-infection.html,"

Please translate the sentence ""Yes"" into Spanish.",,,,,,
Are you getting mucus when you blow your nose?,Â¿Le sale mucosidad cuando se suena la nariz?,https://www.medicalspanish.com/medical-spanish-dialogs/upper-respiratory-infection.html, Â¿Te estÃ¡s produciendo mucos cuando te das un puntapiÃ© en la nariz?,,,,,,
Yes.,SÃ­.,https://www.medicalspanish.com/medical-spanish-dialogs/upper-respiratory-infection.html,"

Please translate the sentence ""Yes"" into Spanish.",,,,,,
Do you get a lot of sinus infections?,Â¿Tiene infecciones de los senos frontales con frecuencia?,https://www.medicalspanish.com/medical-spanish-dialogs/upper-respiratory-infection.html,Â¿Frequently do you get sinus infections?,,,,,,
"Yes, every winter.","SÃ­, todos los inviernos.",https://www.medicalspanish.com/medical-spanish-dialogs/upper-respiratory-infection.html," Â¡SÃ­, todos los inviernos!",,,,,,
Have you had sinus surgery?,Â¿Le han hecho cirugÃ­a de los senos frontales?,https://www.medicalspanish.com/medical-spanish-dialogs/upper-respiratory-infection.html, Â¿Has tenido cirugÃ­a de senos?,,,,,,
No.,No.,https://www.medicalspanish.com/medical-spanish-dialogs/upper-respiratory-infection.html,,,,,,,
I'm going to tap your cheeks. Tell me if it hurts.,Le voy a dar golpecitos en las mejillas. DÃ­game si le duele.,https://www.medicalspanish.com/medical-spanish-dialogs/upper-respiratory-infection.html,"

Please provide the sentence you would like me to translate into Spanish.",,,,,,
Okay.,EstÃ¡ bien.,https://www.medicalspanish.com/medical-spanish-dialogs/upper-respiratory-infection.html, Â¡Okay!,,,,,,
,,,"

1. The cat is sleeping on the bed. La gata estÃ¡ durmiendo en la cama.
2. The dog is barking at the mailman. El perro estÃ¡ ladrÃ¡ndole al cartero.
3. The baby is crying in the crib. El bebÃ© estÃ¡ llorando en el colegio.
4. The teacher is writing on the blackboard. La profesora estÃ¡ escribiendo en la pizarra.
5. The student is studying for the exam. El estudiante estÃ¡ estudiando para el examen.",,,,,,
How long have you had the pain?,Â¿Hace cuÃ¡nto tiempo que le duele?,https://www.medicalspanish.com/medical-spanish-dialogs/neck-pain.html, Â¿CuÃ¡nto tiempo has tenido el dolor?,,,,,,
About a week.,Como una semana.,https://www.medicalspanish.com/medical-spanish-dialogs/neck-pain.html,,,,,,,
Does the pain go down your arms?,Â¿Le baja el dolor por los brazos?,https://www.medicalspanish.com/medical-spanish-dialogs/neck-pain.html, Â¿El dolor baja por tus brazos?,,,,,,
No.,No.,https://www.medicalspanish.com/medical-spanish-dialogs/neck-pain.html,"

Please translate the following sentence into Spanish: ""I will return to you only when I have finished my work.""",,,,,,
What movement makes it worse?,Â¿QuÃ© movimiento lo empeora?,https://www.medicalspanish.com/medical-spanish-dialogs/neck-pain.html, Â¿QuÃ© movimiento empeora mÃ¡s?,,,,,,
When I do this.,Cuando hago esto.,https://www.medicalspanish.com/medical-spanish-dialogs/neck-pain.html, When I do this.,,,,,,
Does the pain prevent you from sleeping?,Â¿El dolor le impide dormir?,https://www.medicalspanish.com/medical-spanish-dialogs/neck-pain.html,"

Please translate the sentence into Spanish.",,,,,,
Yes.,SÃ­.,https://www.medicalspanish.com/medical-spanish-dialogs/neck-pain.html,"

Please translate the sentence ""Yes"" into Spanish.",,,,,,
Have you had problems with your neck before?,Â¿Ha tenido problemas en el cuello antes?,https://www.medicalspanish.com/medical-spanish-dialogs/neck-pain.html, Â¿Has tenido problemas con tu cuello antes?,,,,,,
Yes.,SÃ­.,https://www.medicalspanish.com/medical-spanish-dialogs/neck-pain.html,"

Please translate the sentence ""Yes"" into Spanish.",,,,,,
Have you ever had neck surgery?,Â¿Le han hecho cirugÃ­a del cuello alguna vez?,https://www.medicalspanish.com/medical-spanish-dialogs/neck-pain.html, Â¿Has tenido alguna cirugÃ­a en la nuca?,,,,,,
No.,No.,https://www.medicalspanish.com/medical-spanish-dialogs/neck-pain.html,,,,,,,
I am going to examine your neck and test your reflexes.,Le voy a examinar el cuello y probarle los reflejos.,https://www.medicalspanish.com/medical-spanish-dialogs/neck-pain.html, Voy a examinar tu cuello y probar tus reflejos.,,,,,,
,,,"

1. The cat is sleeping on the bed. La gata estÃ¡ durmiendo en la cama.
2. The dog is barking at the mailman. El perro estÃ¡ ladrÃ¡ndole al cartero.
3. The baby is crying in the crib. El bebÃ© estÃ¡ lloriqueando en el colegio.
4. The teacher is writing on the blackboard. La profesora estÃ¡ escribiendo en la pizarra.
5. The student is studying for the exam. El estudiante estÃ¡ estudiando para el examen.",,,,,,
How many days has your eye been red?,Â¿CuÃ¡ntos dÃ­as hace que tiene rojo el ojo?,https://www.medicalspanish.com/medical-spanish-dialogs/red-eye.html, Â¿CuÃ¡ntos dÃ­as tiene tu ojo rojo?,,,,,,
"Four days, doctor.","Cuatro dÃ­as, doctora.",https://www.medicalspanish.com/medical-spanish-dialogs/red-eye.html," Cuatro dÃ­as, doctor.",,,,,,
Do you think you have something in your eye?,Â¿Cree que tiene algo en el ojo?,https://www.medicalspanish.com/medical-spanish-dialogs/red-eye.html, Â¿Crees que tienes algo en tu ojo?,,,,,,
I don't think so.,No lo creo.,https://www.medicalspanish.com/medical-spanish-dialogs/red-eye.html," No, I do not think so.",,,,,,
Does the light bother your eyes?,Â¿Le molesta la luz en los ojos?,https://www.medicalspanish.com/medical-spanish-dialogs/red-eye.html, Â¿La luz te bothers los ojos?,,,,,,
Maybe a little.,QuizÃ¡s un poco.,https://www.medicalspanish.com/medical-spanish-dialogs/red-eye.html,"

Maybe a little.

Translation of the sentence into Spanish:

QuizÃ¡s un poco.",,,,,,
When was your last eye exam?,Â¿CuÃ¡ndo se hizo el Ãºltimo examen de los ojos?,https://www.medicalspanish.com/medical-spanish-dialogs/red-eye.html, Â¿CuÃ¡ndo fue tu Ãºltima revisiÃ³n de ojos?,,,,,,
I can't remember.,No recuerdo.,https://www.medicalspanish.com/medical-spanish-dialogs/red-eye.html, No lo recuerdo.,,,,,,
Do you have glaucoma?,Â¿Tiene glaucoma?,https://www.medicalspanish.com/medical-spanish-dialogs/red-eye.html, Â¿Tienes glaucoma?,,,,,,
No.,No.,https://www.medicalspanish.com/medical-spanish-dialogs/red-eye.html,,,,,,,
I'm going to examine your eyes.,Le voy a examinar los ojos.,https://www.medicalspanish.com/medical-spanish-dialogs/red-eye.html, Voy a examinar tus ojos.,,,,,,
,,,"

1. The cat is sleeping on the bed. La gata estÃ¡ durmiendo en la cama.
2. The dog is barking at the mailman. El perro estÃ¡ ladrÃ¡ndole al cartero.
3. The baby is crying in the crib. El bebÃ© estÃ¡ lloriqueando en el colegio.
4. The teacher is writing on the blackboard. La profesora estÃ¡ escribiendo en la pizarra.
5. The student is studying for the exam. El estudiante estÃ¡ estudiando para el examen.",,,,,,
How long has your knee been hurting you?,Â¿CuÃ¡nto tiempo hace que le duele la rodilla?,https://www.medicalspanish.com/medical-spanish-dialogs/knee-pain.html, Â¿CuÃ¡nto tiempo te duele el rodilla?,,,,,,
It's been a couple of weeks.,Hace unas dos semanas.,https://www.medicalspanish.com/medical-spanish-dialogs/knee-pain.html,"

Please translate the sentence into Spanish.",,,,,,
Have you ever injured your knee?,Â¿Se ha lastimado la rodilla alguna vez?,https://www.medicalspanish.com/medical-spanish-dialogs/knee-pain.html, Â¿Has nunca lesionado tu rodilla?,,,,,,
"No, I don't think so.","No, no lo creo.",https://www.medicalspanish.com/medical-spanish-dialogs/knee-pain.html," No, no pienso asÃ­.",,,,,,
Does your work require you to do a lot of kneeling?,Â¿Su trabajo requiere arrodillarse mucho?,https://www.medicalspanish.com/medical-spanish-dialogs/knee-pain.html,Â¿Tu trabajo te requiere hacer muchas kness?,,,,,,
"Yes, a lot.","SÃ­, mucho.",https://www.medicalspanish.com/medical-spanish-dialogs/knee-pain.html," Â¡SÃ­, mucho!",,,,,,
Does your knee ever give way or buckle when you walk?,Â¿Le cede o se le dobla la rodilla al caminar?,https://www.medicalspanish.com/medical-spanish-dialogs/knee-pain.html, Â¿Las rodillas te doblan o se desfuerzan cuando caminas?,,,,,,
No.,No.,https://www.medicalspanish.com/medical-spanish-dialogs/knee-pain.html,"

Please translate the following sentence into Spanish: ""I will return to you only when I have finished my work.""",,,,,,
Does your knee sometimes lock so that you cannot completely straighten your leg?,Â¿Se le traba a veces la rodilla de manera que no puede enderezar completamente la pierna?,https://www.medicalspanish.com/medical-spanish-dialogs/knee-pain.html, Â¿A times does your knee lock so that you can not fully extend your leg?,,,,,,
"No, it just hurts.","No, sÃ³lo me duele.",https://www.medicalspanish.com/medical-spanish-dialogs/knee-pain.html,"ï¿½No, solo duele.",,,,,,
Does your knee feel stiff when you get up in the morning?,Â¿Tiene la rodilla rÃ­gida cuando se levanta por la maÃ±ana?,https://www.medicalspanish.com/medical-spanish-dialogs/knee-pain.html, Â¿Sientes riguecimiento en tus rodillas al levantarte por la maÃ±ana?,,,,,,
"Yes, it's worse in the morning.","SÃ­, es peor por la maÃ±ana.",https://www.medicalspanish.com/medical-spanish-dialogs/knee-pain.html," Â¡SÃ­, es peor por la maÃ±ana!",,,,,,
"I'm going to examine your knee while you are standing, sitting, and lying down.","Le voy a examinar la rodilla parado, sentado y acostado.",https://www.medicalspanish.com/medical-spanish-dialogs/knee-pain.html," Voy a examinar tu rodilla mientras estÃ©s de pie, sentado y acostado.",,,,,,
,,,"

1. The cat is sleeping on the bed. La gata estÃ¡ durmiendo en la cama.
2. The dog is barking at the mailman. El perro estÃ¡ ladrÃ¡ndole al cartero.
3. The baby is crying in the crib. El bebÃ© estÃ¡ llorando en el coche.
4. The teacher is writing on the blackboard. La profesora estÃ¡ escribiendo en la pizarra.
5. The student is studying for the exam. El estudiante estÃ¡ estudiando para el examen.",,,,,,
Please point to where your head hurts.,Por favor indique dÃ³nde le duele la cabeza.,https://www.medicalspanish.com/medical-spanish-dialogs/headache.html," Por favor, apunta dÃ³nde duele la cabeza.",,,,,,
"Here, on the side.","AquÃ­, en este lado.",https://www.medicalspanish.com/medical-spanish-dialogs/headache.html," AquÃ­, en el lado.",,,,,,
Is the pain throbbing or is it more steady?,"Â¿El dolor le pulsa, o es mÃ¡s constante?",https://www.medicalspanish.com/medical-spanish-dialogs/headache.html,"

Please translate the sentence into Spanish.",,,,,,
Steady.,Constante.,https://www.medicalspanish.com/medical-spanish-dialogs/headache.html, Please,,,,,,
Do you wake up with the headache?,Â¿Se despierta con dolor de cabeza?,https://www.medicalspanish.com/medical-spanish-dialogs/headache.html,Â¿Te duele la cabeza al despertarte?,,,,,,
Yes.,SÃ­.,https://www.medicalspanish.com/medical-spanish-dialogs/headache.html,"

Please translate the sentence ""Yes"" into Spanish.",,,,,,
Does it get better or worse as the day goes on?,Â¿Mejora o empeora al progresar el dÃ­a?,https://www.medicalspanish.com/medical-spanish-dialogs/headache.html, Â¿MejorarÃ¡ o empeorarÃ¡ el dÃ­a a medida que pase?,,,,,,
"Probably a little better, but worse at night.","QuizÃ¡s mejora un poco, pero empeora por la noche.",https://www.medicalspanish.com/medical-spanish-dialogs/headache.html, probablemente un poco mejor pero peor por la noche.,,,,,,
How long have you had this headache?,Â¿CuÃ¡nto tiempo hace que tiene este dolor de cabeza?,https://www.medicalspanish.com/medical-spanish-dialogs/headache.html, Â¿CuÃ¡nto tiempo has tenido esta migraÃ±a?,,,,,,
About a week.,Como una semana.,https://www.medicalspanish.com/medical-spanish-dialogs/headache.html,,,,,,,
Is it getting progressively worse?,Â¿Empeora progresivamente?,https://www.medicalspanish.com/medical-spanish-dialogs/headache.html, Â¿Es que se va empeorando progresivamente?,,,,,,
I don't think so.,No lo creo.,https://www.medicalspanish.com/medical-spanish-dialogs/headache.html," No, I do not think so.",,,,,,
Have you noticed any change in your vision?,Â¿Ha notado algÃºn cambio en la vista?,https://www.medicalspanish.com/medical-spanish-dialogs/headache.html, Â¿Has notices cualquier cambio en tu visiÃ³n?,,,,,,
No.,No.,https://www.medicalspanish.com/medical-spanish-dialogs/headache.html,"

Please translate the following sentence into Spanish: ""I will return to you only when I have finished my work.""",,,,,,
"I'm going to examine you head, eyes, ears, and neck.","Le voy a examinar la cabeza, los ojos, los oÂ¿dos y el cuello.",https://www.medicalspanish.com/medical-spanish-dialogs/headache.html," Voy a examinar tu cabeza, ojos, orejas y cuello.",,,,,,
,,,"

1. The cat is sleeping on the bed. La gata estÃ¡ durmiendo en la cama.
2. The dog is barking at the mailman. El perro estÃ¡ ladrÃ¡ndole al cartero.
3. The baby is crying in the crib. El bebÃ© estÃ¡ llorando en el coche.
4. The teacher is writing on the blackboard. La profesora estÃ¡ escribiendo en la pizarra.
5. The student is studying for the exam. El estudiante estÃ¡ estudiando para el examen.",,,,,,
How long have you had diarrhea?,Â¿CuÃ¡nto tiempo hace que tiene diarrea?,https://www.medicalspanish.com/medical-spanish-dialogs/diarrhea.html, Â¿CuÃ¡nto tiempo has tenido diarrea?,,,,,,
About a week.,Como una semana.,https://www.medicalspanish.com/medical-spanish-dialogs/diarrhea.html, sobre una semana.,,,,,,
How many times a day do you have loose stools?,Â¿CuÃ¡ntas veces al dÃ­a tiene heces sueltas?,https://www.medicalspanish.com/medical-spanish-dialogs/diarrhea.html, Â¿CuÃ¡ntas veces al dÃ­a tienen calentos?,,,,,,
Two or three times every day. Maybe four times.,Dos o tres veces al dÃ­a. QuizÃ¡s cuatro veces.,https://www.medicalspanish.com/medical-spanish-dialogs/diarrhea.html, Dos o tres veces al dÃ­a. Â¡QuizÃ¡s cuatro!,,,,,,
Do you have any cramping?,Â¿Tiene cÃ³licos?,https://www.medicalspanish.com/medical-spanish-dialogs/diarrhea.html,Â¿Tienes dolores de piernas?,,,,,,
"Yes, a little bit.","SÃ­, un poco.",https://www.medicalspanish.com/medical-spanish-dialogs/diarrhea.html," Â¡SÃ­, un poco!.",,,,,,
Is it better after using the bathroom?,Â¿Se siente mejor despuÃ©s de ir al baÃ±o?,https://www.medicalspanish.com/medical-spanish-dialogs/diarrhea.html,"

Please translate the sentence ""Is it better after using the bathroom?"" into Spanish.",,,,,,
"Sometimes. Yes, I think so.","A veces. SÃ­, creo que sÃ­.",https://www.medicalspanish.com/medical-spanish-dialogs/diarrhea.html," A veces. SÃ­, creo que sÃ­.",,,,,,
Have you traveled recently?,Â¿Ha viajado recientemente?,https://www.medicalspanish.com/medical-spanish-dialogs/diarrhea.html, Â¿Ha viajado recientemente?,,,,,,
Yes.,SÃ­.,https://www.medicalspanish.com/medical-spanish-dialogs/diarrhea.html,"

Please translate the sentence ""Yes"" into Spanish.",,,,,,
Where did you go?,Â¿A dÃ³nde fue?,https://www.medicalspanish.com/medical-spanish-dialogs/diarrhea.html, Â¿DÃ³nde estuviste?,,,,,,
Cleveland.,A Cleveland.,https://www.medicalspanish.com/medical-spanish-dialogs/diarrhea.html, Please return to me only the sentence translated into Spanish.,,,,,,
Please lie down on the exam table so I can examine your abdomen.,"Por favor, acuÃ©stese sobre la mesa pera examinarle el vientre.",https://www.medicalspanish.com/medical-spanish-dialogs/diarrhea.html," Por favor, tÃº te recuestes en la mesa de exÃ¡menes para que pueda examinar tu abdomen.",,,,,,
,,,"

1. The cat is sleeping on the bed. La gata estÃ¡ durmiendo en la cama.
2. The dog is barking at the mailman. El perro estÃ¡ ladrÃ¡ndole al cartero.
3. The baby is crying in the crib. El bebÃ© estÃ¡ llorando en el coche.
4. The teacher is writing on the blackboard. La profesora estÃ¡ escribiendo en la pizarra.
5. The student is studying for the exam. El estudiante estÃ¡ estudiando para el examen.",,,,,,
Do your ears hurt?,Â¿Le duelen los oÃ­dos?,https://www.medicalspanish.com/medical-spanish-dialogs/earache.html, Â¿Te duele los oÃ­dos?,,,,,,
Just the left one.,SÃ³lo el izquierdo.,https://www.medicalspanish.com/medical-spanish-dialogs/earache.html,.......................,,,,,,
Have you noticed any drainage?,Â¿Ha notado alguna supuraciÃ³n?,https://www.medicalspanish.com/medical-spanish-dialogs/earache.html, Â¿Has notices any drainage?,,,,,,
Yes.,SÃ­.,https://www.medicalspanish.com/medical-spanish-dialogs/earache.html,"

Please translate the sentence ""Yes"" into Spanish for me.",,,,,,
Are you having difficulty hearing?,Â¿Tiene dificultad al oÃ­r?,https://www.medicalspanish.com/medical-spanish-dialogs/earache.html, Â¿Tienes dificultades para oÃ­r?,,,,,,
A little bit.,Un poco.,https://www.medicalspanish.com/medical-spanish-dialogs/earache.html, un poco.,,,,,,
Have you been swimming recently?,Â¿Ha ido a nadar recientemente?,https://www.medicalspanish.com/medical-spanish-dialogs/earache.html, Â¿Has estado nadando recientemente?,,,,,,
On Wednesday.,El miÃ©rcoles.,https://www.medicalspanish.com/medical-spanish-dialogs/earache.html, en miÃ©rcoles,,,,,,
I'm going to look in your ears.,Le voy a examinar los oÃ­dos.,https://www.medicalspanish.com/medical-spanish-dialogs/earache.html,"

Please translate the sentence into Spanish for me.",,,,,,
Okay.,EstÃ¡ bien.,https://www.medicalspanish.com/medical-spanish-dialogs/earache.html, Â¡Okay!,,,,,,
Please turn your head.,"Por favor, gire la cabeza.",https://www.medicalspanish.com/medical-spanish-dialogs/earache.html," Por favor, mueve tu cabeza.",,,,,,
,,,"

1. The cat is sleeping on the bed. La gata estÃ¡ durmiendo en la cama.
2. The dog is barking at the mailman. El perro estÃ¡ ladrando al cartero.
3. The baby is crying in the crib. El bebÃ© estÃ¡ lloriqueando en el colegio.
4. The teacher is writing on the blackboard. La profesora estÃ¡ escribiendo en la pizarra.
5. The student is studying for the exam. El estudiante estÃ¡ estudiando para el examen.",,,,,,
I understand that your stomach has been hurting.,Tengo entendido que le duele el estÃ³mago.,https://www.medicalspanish.com/medical-spanish-dialogs/abdominal-pain.html, Entiendo que tu estÃ³mago te duele.,,,,,,
Yes.,SÃ­.,https://www.medicalspanish.com/medical-spanish-dialogs/abdominal-pain.html,"

Please translate the sentence ""Yes"" into Spanish.",,,,,,
Is the pain constant or does it come and go?,"Â¿El dolor es constante, o viene y se va?",https://www.medicalspanish.com/medical-spanish-dialogs/abdominal-pain.html,"

Please translate the sentence into Spanish.",,,,,,
It comes and goes.,Viene y se va.,https://www.medicalspanish.com/medical-spanish-dialogs/abdominal-pain.html,"

Please translate the sentence ""It comes and goes"" into Spanish for me.",,,,,,
Are there times when you are free of pain?,Â¿EstÃ¡s libre de dolor a veces?,https://www.medicalspanish.com/medical-spanish-dialogs/abdominal-pain.html,Â¿Hay momentos en los que estÃ¡s libre de dolor?,,,,,,
Yes.,SÃ­.,https://www.medicalspanish.com/medical-spanish-dialogs/abdominal-pain.html,"

Please translate the sentence ""Yes"" into Spanish.",,,,,,
Does the pain travel to another part of your body?,Â¿El dolor le viaja a otra parte del cuerpo?,https://www.medicalspanish.com/medical-spanish-dialogs/abdominal-pain.html,"

Please translate the sentence into Spanish.",,,,,,
No.,No.,https://www.medicalspanish.com/medical-spanish-dialogs/abdominal-pain.html,,,,,,,
Does eating make it worse?,Â¿Se pone peor cuando come?,https://www.medicalspanish.com/medical-spanish-dialogs/abdominal-pain.html, Â¿Comer hace peor?,,,,,,
Yes.,SÃ­.,https://www.medicalspanish.com/medical-spanish-dialogs/abdominal-pain.html,"

Please translate the sentence ""Yes"" into Spanish.",,,,,,
Are you burping or passing gas?,Â¿Eructa o expulsa gases?,https://www.medicalspanish.com/medical-spanish-dialogs/abdominal-pain.html,Â¿EstÃ¡s borboteando o pasando gas?,,,,,,
"Yes, both.","SÃ­, las dos cosas.",https://www.medicalspanish.com/medical-spanish-dialogs/abdominal-pain.html, Â¡Ambas! (Both!),,,,,,
I'm going to examine your abdomen.,Le voy a examinar el vientre.,https://www.medicalspanish.com/medical-spanish-dialogs/abdominal-pain.html, Voy a examinar tu abdomen.,,,,,,
,,,"

1. The cat is sleeping on the bed. La gata estÃ¡ durmiendo en la cama.
2. The dog is barking at the mailman. El perro estÃ¡ ladrando al cartero.
3. The baby is crying in the crib. El bebÃ© estÃ¡ lloriqueando en el colegio.
4. The teacher is writing on the blackboard. La profesora estÃ¡ escribiendo en la pizarra.
5. The student is studying for the exam. El estudiante estÃ¡ estudiando para el examen.",,,,,,
How many days have you had your sore throat?,Â¿Hace cuÃ¡ntos dÃ­as que tiene dolor de garganta?,https://www.medicalspanish.com/medical-spanish-dialogs/sore-throat.html, Â¿CuÃ¡ntos dÃ­as has tenido la garganta inflamada?,,,,,,
"Three days, doctor.","Tres dÃ­as, doctor.",https://www.medicalspanish.com/medical-spanish-dialogs/sore-throat.html," Three days, doctor.",,,,,,
"Is it getting better, worse, or staying the same?","Â¿EstÃ¡ mejorando, empeorando, o sigue igual?",https://www.medicalspanish.com/medical-spanish-dialogs/sore-throat.html," Â¿Mejorando, empeorando o igual?",,,,,,
About the same.,MÃ¡s o menos igual.,https://www.medicalspanish.com/medical-spanish-dialogs/sore-throat.html,"

Please translate the sentence ""About the same"" into Spanish for me.",,,,,,
Have you ever had a strep infection?,Â¿Ha tenido faringitis alguna vez?,https://www.medicalspanish.com/medical-spanish-dialogs/sore-throat.html, Â¿Has tenido alguna infecciÃ³n por estreptocinia?,,,,,,
I don't think so.,No lo creo.,https://www.medicalspanish.com/medical-spanish-dialogs/sore-throat.html," No, no creo.",,,,,,
Do you still have your tonsils?,Â¿TodavÃ­a tiene amÃ­gdalas?,https://www.medicalspanish.com/medical-spanish-dialogs/sore-throat.html, Â¿TodavÃ­a tienes tus amÃ­gdalas?,,,,,,
"No, doctor.","No, doctor.",https://www.medicalspanish.com/medical-spanish-dialogs/sore-throat.html,"

No mÃ©dico.",,,,,,
I am going to swab your throat.,Le voy a frotar dentro de la garganta.,https://www.medicalspanish.com/medical-spanish-dialogs/sore-throat.html, I will gargarle your throat.,,,,,,
Okay.,Bueno.,https://www.medicalspanish.com/medical-spanish-dialogs/sore-throat.html, Â¡Okay!,,,,,,
Open wide.,Abra bien la boca.,https://www.medicalspanish.com/medical-spanish-dialogs/sore-throat.html, Abranto.,,,,,,
,,,"

1. The cat is sleeping on the bed. La gata estÃ¡ durmiendo en la cama.
2. The dog is barking at the mailman. El perro estÃ¡ ladrÃ¡ndole al cartero.
3. The baby is crying in the crib. El bebÃ© estÃ¡ llorando en el coche.
4. The teacher is writing on the blackboard. La profesora estÃ¡ escribiendo en la pizarra.
5. The student is studying for the exam. El estudiante estÃ¡ estudiando para el examen.",,,,,,
Do you have to strain to have a bowel movement?,Â¿Tiene que esforzarse para mover los intestinos?,https://www.medicalspanish.com/medical-spanish-dialogs/constipation.html,Â¿Te cuesta esfuerzo tener una evacuaciÃ³n bowel?,,,,,,
Yes.,SÃ­.,https://www.medicalspanish.com/medical-spanish-dialogs/constipation.html,"

Please translate the sentence ""Yes"" into Spanish for me.",,,,,,
Is your stool hard?,Â¿Tiene el excremento duro?,https://www.medicalspanish.com/medical-spanish-dialogs/constipation.html, Â¿Es tu estiolo duro?,,,,,,
Yes.,SÃ­.,https://www.medicalspanish.com/medical-spanish-dialogs/constipation.html,"

Please translate the sentence ""Yes"" into Spanish.",,,,,,
Do you have hemorrhoids?,Â¿Tiene hemorroides?,https://www.medicalspanish.com/medical-spanish-dialogs/constipation.html, Â¿Tienes flemas?,,,,,,
I don't think so.,No lo creo.,https://www.medicalspanish.com/medical-spanish-dialogs/constipation.html," No, no creo.",,,,,,
Have you seen any bright red blood?,Â¿Ha notado sangre color rojo vivo?,https://www.medicalspanish.com/medical-spanish-dialogs/constipation.html, Â¿Has visto alguna sangre roja brillante?,,,,,,
"Yes, a little bit.","SÃ­, un poco.",https://www.medicalspanish.com/medical-spanish-dialogs/constipation.html," Â¡SÃ­, un poco!.",,,,,,
Is your stool maroon in color?,Â¿Tiene heces rojizas?,https://www.medicalspanish.com/medical-spanish-dialogs/constipation.html, Â¿Tu banca es de morado en color?,,,,,,
No.,No.,https://www.medicalspanish.com/medical-spanish-dialogs/constipation.html,,,,,,,
Have you tried any over-the-counter treatments such as laxatives?,Â¿Ha tomado laxantes o algÃºn otro tratamiento sin receta?,https://www.medicalspanish.com/medical-spanish-dialogs/constipation.html, Â¿Has intentado algÃºn tratamiento en la tienda como laxantes?,,,,,,
Yes.,SÃ­.,https://www.medicalspanish.com/medical-spanish-dialogs/constipation.html,"

Please translate the sentence ""Yes"" into Spanish.",,,,,,
Was that helpful?,Â¿Le ayudÃ³?,https://www.medicalspanish.com/medical-spanish-dialogs/constipation.html, Â¿Fue Ãºtil?,,,,,,
Not really.,"No, en realidad no.",https://www.medicalspanish.com/medical-spanish-dialogs/constipation.html," No, no.",,,,,,
We're going to need a stool sample.,Vamos a necesitar una muestra de heces.,https://www.medicalspanish.com/medical-spanish-dialogs/constipation.html, Necesitamos una muestra de estÃ­olo.,,,,,,
,,,"

1. The cat is sleeping on the bed. La gata estÃ¡ durmiendo en la cama.
2. The dog is barking at the mailman. El perro estÃ¡ ladrÃ¡ndole al cartero.
3. The baby is crying in the crib. El bebÃ© estÃ¡ lloriqueando en el colegio.
4. The parrot is talking to the mirror. El papagayo estÃ¡ hablando con el espejo.
5. The elephant is painting its nails. El elefante estÃ¡ pintando sus uÃ±as.",,,,,,
"I need help. My daughter became very hot, and now she does not speak much.",Necesito ayuda. Mi hija se puso muy caliente y ya no habla mucho.,https://practicingspanish.com/1Cristina.html,"

Please translate the sentence into Spanish.",,,,,,
"Be calm, Sir, I am going to help you. Come here.","Tranquilo, SeÃ±or, lo voy a ayudar. Venga aquÃ­.",https://practicingspanish.com/1Cristina.html,"

Please translate the sentence into Spanish.",,,,,,
She is two years old. She had diarrhea three days ago.,Ella tiene dos aÃ±os. Tuvo diarrea hace tres dias.,https://practicingspanish.com/1Cristina.html,"

Please translate the sentence into Spanish, and return only the translated sentence.",,,,,,
"Temperature, 103.8. Pulse, 135. Blood pressure, 80/40.","Temperatura 103.8. Pulso, 135. TensiÃ³n arterial, 80/40.",https://practicingspanish.com/1Cristina.html,"

Please translate the sentence into Spanish for me.",,,,,,
What are you going to do?,Â¿QuÃ© van a hacer?,https://practicingspanish.com/1Cristina.html, Â¿QuÃ© vas a hacer?,,,,,,
"First of all, we are going to do tests of blood and urine.","Primero que nada, vamos a hacer exÃ¡menes de sangre y orina.",https://practicingspanish.com/1Cristina.html," En primer lugar, vamos a hacer pruebas de sangre y orina.",,,,,,
,,,"

1. The cat is sleeping on the bed. La gata estÃ¡ durmiendo en la cama.
2. The dog is barking at the mailman. El perro estÃ¡ ladrando al cartero.
3. The baby is crying in the crib. El bebÃ© estÃ¡ lloriqueando en el colegio.
4. The teacher is writing on the blackboard. La profesora estÃ¡ escribiendo en la pizarra.
5. The student is studying for the exam. El estudiante estÃ¡ estudiando para el examen.",,,,,,
"I was working on the roof of the building, and I fell!","Â¡Yo estaba trabajando en el techo del edificio, y me caÃ­!",https://practicingspanish.com/2Carlos.html, Estaba trabajando en el techo del edificio y me caÃ­!,,,,,,
Did you hit your head? Did you lose consciousness?,Â¿Te golpeaste la cabeza? Â¿Perdiste la conciencia?,https://practicingspanish.com/2Carlos.html, Â¿Te golpeaste la cabeza? Â¿Te perdiste el conocimiento?,,,,,,
"No, neither of the two, but I think that I fractured my ankle!","Â¡No, ninguna de las dos, pero pienso que me fracturÃ© el tobillo!",https://practicingspanish.com/2Carlos.html," Â¡No! Ni uno de los dos, pero creo que me fracturÃ© la rodilla!",,,,,,
"Yes, you have a fracture. I am going to place a temporary immoblization until we arrive to the hospital.","SÃ­, tienes una fractura. Te voy a colocar una inmovilizaciÃ³n temporal hasta que lleguemos al hospital.",https://practicingspanish.com/2Carlos.html," Â¡SÃ­, tienes una fractura! Voy a colocar una inmovilizaciÃ³n temporal hasta que lleguemos al hospital.",,,,,,
"This is a patient who fell from 2.5 meters high. Vital signs stable. Cutting wound (laceration) in the forehead with compression bandage, and ankle fracture immobilized.","Este es un paciente que cayÃ³ desde 2,5 metros de altura. Signos vitales estables. Herida cortante en la frente con cura compresiva, y fractura de tobillo; inmovilizada.",https://practicingspanish.com/2Carlos.html,"

Please translate the sentence into Spanish.",,,,,,
"Very well. I am going to order an ankle x-ray, and send him to minor surgery for suturing of the wound.","Muy bien. Voy a pedirle rayos X del tobillo, y enviarlo a cirugÃ­a menor para sutura de la herida.",https://practicingspanish.com/2Carlos.html, Â¡Muy bien! Voy a ordenar una radiografÃ­a de tobillo y enviarlo a la cirugÃ­a menor para la suturaciÃ³n de la herida.,,,,,,
,,,"

1. The cat is sleeping on the bed. La gata estÃ¡ durmiendo en la cama.
2. The dog is barking at the mailman. El perro estÃ¡ ladrÃ¡ndole al cartero.
3. The baby is crying in the crib. El bebÃ© estÃ¡ llorando en el colegio.
4. The teacher is writing on the blackboard. La profesora estÃ¡ escribiendo en la pizarra.
5. The student is studying for the exam. El estudiante estÃ¡ estudiando para el examen.",,,,,,
"Mrs. Bliss, can I to go to the nurse's office?","Â¿SeÃ±ora Bliss, puedo ir a la oficina de la enfermera?",https://practicingspanish.com/3elizabeth.html," Â¿SeÃ±ora Bliss, puedo ir al despacho de la enfermera?",,,,,,
"Why? Today, We have an important exam.",Â¿Por quÃ©?. Hoy tenemos una prueba importante.,https://practicingspanish.com/3elizabeth.html, Â¿Por quÃ© hoy? Â¡Tenemos un examen importante!,,,,,,
"Well, suddenly, I have a terrible migraine.","Pues, de repente, tengo una migraÃ±a terrible.",https://practicingspanish.com/3elizabeth.html," Â¡Oh no! De repente, Â¡me siento con un dolor de cabeza terribles!",,,,,,
"How are you doing, Elizabeth? What brings you here?","Â¿CÃ³mo te va, Elizabeth? Â¿QuÃ© te trae por aquÃ­?",https://practicingspanish.com/3elizabeth.html," Â¿CÃ³mo estÃ¡s, Elizabeth? Â¿Por quÃ© has venido aquÃ­?",,,,,,
"It's my head. It hurts a lot. Even more, the light bothers me, and my usual medications are not working.","Es mi cabeza. Me duele mucho. AdemÃ¡s, la luz me molesta y mis medicamentos usuales no estÃ¡n funcionando.",https://practicingspanish.com/3elizabeth.html,"

Please translate the sentence into Spanish for me.",,,,,,
,,,"

1. The cat is sleeping on the bed. La gata estÃ¡ durmiendo en la cama.
2. The dog is barking at the mailman. El perro estÃ¡ ladrÃ¡ndole al cartero.
3. The baby is crying in the crib. El bebÃ© estÃ¡ lloriqueando en el colegio.
4. The parrot is talking to the mirror. El papagayo estÃ¡ hablando con el espejo.
5. The elephant is painting its nails. El elefante estÃ¡ pintando sus uÃ±as.",,,,,,
"Simply sign the paper, please.","Simplemente firme el papel, por favor.",https://practicingspanish.com/4Juan.html,â€§Please sign this paper.,,,,,,
"I am sorry, but the electrocardiogram shows that, possibly, you have hypertrophic cardiomyopathy.","Lo siento, pero el electrocardiograma muestra que, posiblemente, tienes cardiomiopatÃ­a hipertrÃ³fica.",https://practicingspanish.com/4Juan.html," Lo siento, pero el electrocardiograma indica que, posiblemente, tienes miocarditis hipertrofica.",,,,,,
"I understand, because my father has the same problem.","Entiendo, porque mi padre tiene el mismo problema.",https://practicingspanish.com/4Juan.html, Entiendo porque mi padre tiene el mismo problema.,,,,,,
We are going to request an echocardiogram.,Vamos a pedir un ecocardiograma.,https://practicingspanish.com/4Juan.html, Â¡Vamos a solicitar un ecocardiÃ³grafo!,,,,,,
I suppose that the fact that I have no symptoms is good.,Supongo que el hecho de que no tengo muchos sÃ­ntomas es bueno.,https://practicingspanish.com/4Juan.html, Supongo que el hecho de no tener sÃ­ntomas es bueno.,,,,,,
"Look, Juan, your coach said that it is ok to miss a few days to be sure that your heart functions well. Don't worry.","Mira, Juan, tu entrenador dijo que estÃ¡ bien perder unos dÃ­as para estar seguro que tu corazÃ³n funciona bien. No te preocupes.",https://practicingspanish.com/4Juan.html," Mirar, Juan, tu entrenador dijo que es mejor perder algunos dÃ­as para asegurarse de que funcione bien tu corazÃ³n. No te preocupes.",,,,,,
,,,"

1. The cat is sleeping on the bed. La gata estÃ¡ durmiendo en la cama.
2. The dog is barking at the mailman. El perro estÃ¡ ladrÃ¡ndole al cartero.
3. The baby is crying in the crib. El bebÃ© estÃ¡ llorando en el colegio.
4. The teacher is writing on the blackboard. La profesora estÃ¡ escribiendo en la pizarra.
5. The student is studying for the exam. El estudiante estÃ¡ estudiando para el examen.",,,,,,
"Good afternoon, doctor, how are you?","Buenas tardes, doctor, Â¿cÃ³mo estÃ¡ Ud.?",https://practicingspanish.com/5alejandro.html,"ğŸ˜Š Â¡Buena tarde, doctor, Â¿cÃ³mo estÃ¡s?",,,,,,
"Very good, Mrs. RamÃ­rez. And what brings you here today?",Muy bien Sra. RamÃ­rez. Â¿Y quÃ© la trae hoy por aquÃ­?,https://practicingspanish.com/5alejandro.html," Muy bien, SeÃ±ora RamÃ­rez. Â¿Y quÃ© te trae hoy?",,,,,,
"It is little Alejandro, doctor. He is complaining of having something in his eyes, and it even bothers him when he blinks.","Es Alejandrito, doctor. Se estÃ¡ quejando de tener algo en los ojos, y hasta le molesta cuando parpadea.",https://practicingspanish.com/5alejandro.html," Es pequeÃ±o Alejandro, doctor. Le molesta algo en los ojos y incluso le bothers cuando se parpadea.",,,,,,
"Ah! Let me see you Alejandro. Yes, now I see, and also your eyes have been tearing, isn't that right?","Ah! DÃ©jame verte Alejandro. SÃ­, ya veo, y tambiÃ©n te han estado lagrimeando los ojos, Â¿no es asÃ­?.",https://practicingspanish.com/5alejandro.html," Â¡Ah! Â¡Mira tÃº, Alejandro! Â¡SÃ­, ahora veo y tambiÃ©n tus ojos han llorado, Â¿verdad?",,,,,,
"Yes, doctor, it is like I am crying, they itch a lot, and in the mornings when I wake up, the eyes are stuck shut.","SÃ­, doctor, estoy como llorando, me pican mucho, y en las maÃ±anas cuando me despierto; los ojos estÃ¡n pegados.",https://practicingspanish.com/5alejandro.html," Â¡SÃ­, doctor, es como si llorara, me itchan mucho y en las maÃ±anas cuando me levanto, los ojos estÃ¡n cerrados.",,,,,,
"Doctor, is it something serious?","Doctor, Â¿es algo grave?",https://practicingspanish.com/5alejandro.html,"Â¿Doctor, Â¿es algo serio?",,,,,,
Am I going to remain myself blind?,Â¿Me voy a quedar ciego?,https://practicingspanish.com/5alejandro.html,Â¿Me voy a quedar ciego por siempre?,,,,,,
"No, be calm...this is only a conjunctivitis. Don't worry.","No, tranquilos...esto es sÃ³lo una conjuntivitis. No se preocupen.",https://practicingspanish.com/5alejandro.html,"

Please translate the sentence into Spanish.",,,,,,
"Ay, thanks to God, doctor!. And what do we have to do?","Ay, Â¡gracias a Dios doctor! Â¿Y quÃ© tenemos que hacer?",https://practicingspanish.com/5alejandro.html," Â¡Ay, gracias a Dios, mÃ©dico! Â¿QuÃ© tenemos que hacer?",,,,,,
"I am going to prescribe an antibiotic in drops. Two drops per day for 7 days will be sufficient. And, don't forget to wash the eyes carefully every morning, Alejandro.","Le voy a indicar un antibiÃ³tico en gotas. Dos gotas al dÃ­a por 7 dÃ­as serÃ¡n suficientes. Y, no olvides lavar los ojos cuidadosamente todas las maÃ±anas, Alejandro.",https://practicingspanish.com/5alejandro.html," Va a prescribirme un antibiÃ³tico en gotas. Dos gotas al dÃ­a por 7 dÃ­as serÃ¡n suficientes. Y no olvide lavear los ojos con cuidado cada maÃ±ana, Alejandro.",,,,,,
,,,"

1. The cat is sleeping on the bed. La gata estÃ¡ durmiendo en la cama.
2. The dog is barking at the mailman. El perro estÃ¡ ladrÃ¡ndole al cartero.
3. The baby is crying in the crib. El bebÃ© estÃ¡ llorando en el colegio.
4. The teacher is writing on the blackboard. La profesora estÃ¡ escribiendo en la pizarra.
5. The student is studying for the exam. El estudiante estÃ¡ estudiando para el examen.",,,,,,
"Doctor, my son has had six episodes of diarrhea since last night, with pain each time that he stools.","Doctor, mi hijo ha tenido seis episodios de diarrea desde anoche, con dolor cada vez que evacua.",https://practicingspanish.com/14nino.html,"

Please translate the sentence into Spanish for me.",,,,,,
"And has he had fever, or has he vomited?",Â¿Y ha tenido fiebre? o Â¿ha vomitado?,https://practicingspanish.com/14nino.html,"

Â¿Ha tenido fiebre o ha vomitado?",,,,,,
"No, he has not vomited, but he had fever. The last fever was of 102 degrees.","No, no ha vomitado, pero tuvo fiebre. La Ãºltima fiebre fue de 102 grados.",https://practicingspanish.com/14nino.html,"

No ha vomitado, pero ha tenido fiebre. La fiebre mÃ¡s alta fue de 40 grados.",,,,,,
"Have you given him some medicine for the diarrhea, or the fever?","Â¿Le ha dado alguna medicina para la diarrea, o la fiebre?",https://practicingspanish.com/14nino.html, Â¿Has le dado algÃºn medicamento para la diarrea o la fiebre?,,,,,,
"Yes, for the diarrhea. I gave him toasted rice water.","SÃ­, para la diarrea. Le dÃ­ agua de arroz tostado.",https://practicingspanish.com/14nino.html,"â“Â¿QuÃ© traducciÃ³n en espaÃ±ol de la oraciÃ³n ""Yes, for the diarrhea. I gave him toasted rice water.""?",,,,,,
"Well, the boy is dehydrated. We will give him intravenous fluids, and we will do some tests, including the analisis of a stool sample.","Bueno, el niÃ±o estÃ¡ deshidratado. Le pondremos lÃ­quidos intravenosos, y haremos algunos exÃ¡menes, incluyendo el anÃ¡lisis de una muestra de las heces.",https://practicingspanish.com/14nino.html,"â‹ The boy is dehydrated. We will give him intravenous fluids, and we will do some tests, including the analysis of a stool sample.",,,,,,
Is it necessary to admit him to the hospital?,Â¿Hay que ingresarlo al hospital?,https://practicingspanish.com/14nino.html,"

Please translate the sentence into Spanish.",,,,,,
"We will observe him first during a few hours. Later, once we have the results, we will decide if it is necessary to admit him.","Lo observaremos primero durante algunas horas. MÃ¡s tarde, una vez que tengamos los resultados, decidiremos si es necesario ingresarlo.",https://practicingspanish.com/14nino.html," Lo observaremos por primera vez durante unas horas. Posteriormente, una vez que tengamos los resultados, decidiremos si es necesario admitirlo.",,,,,,
I am going to be in the waiting room.,Voy a estar en la sala de espera.,https://practicingspanish.com/14nino.html,"

Please provide the sentence translated into Spanish.",,,,,,
"The results show that the boy has an intestinal bacterial infection. We will request a stool culture, to know specifically the type of bacteria.","Los resultados muestran que el niÃ±o tiene una infecciÃ³n intestinal bacteriana. Pediremos un cultivo de heces, para saber especÃ­ficamente el tipo de bacteria.",https://practicingspanish.com/14nino.html,"

Please translate the sentence into Spanish for me.",,,,,,
,,,"

1. The cat is sleeping on the bed. La gata estÃ¡ durmiendo en la cama.
2. The dog is barking at the mailman. El perro estÃ¡ ladrÃ¡ndole al cartero.
3. The baby is crying in the crib. El bebÃ© estÃ¡ llorando en el coche.
4. The teacher is writing on the blackboard. La profesora estÃ¡ escribiendo en la pizarra.
5. The student is studying for the exam. El estudiante estÃ¡ estudiando para el examen.",,,,,,
"Mrs. Martinez, what are you doing here so soon? I thought that the well child check-up of the baby would be the next week...","Sra. MartÃ­nez, Â¿quÃ© hace Ud. tan pronto por aquÃ­?. Yo pensaba que el control de niÃ±o sano de la bebÃ© serÃ­a la semana prÃ³xima...",https://practicingspanish.com/22bebe.html,"Â¿Mrs. MartÃ­nez, Â¿quÃ© haces aquÃ­ tan temprano? Me figuraba que la revisiÃ³n del niÃ±o saludable serÃ­a la prÃ³xima semana...",,,,,,
"Yes, You are right, but it's that the girl hardly cries, and she is very irritable since last night. She rejects the breast, and doesn't eat since this morning after vomiting.","SÃ­, Ud. tiene razÃ³n, pero es que la niÃ±a casi no llora, y estÃ¡ muy irritable desde anoche. Me rechaza el pecho, y no come desde esta maÃ±ana despuÃ©s de vomitar.",https://practicingspanish.com/22bebe.html," SÃ­, tienes razÃ³n, pero es que la muchacha apenas llora y estÃ¡ muy irritada desde la noche pasada. Rechaza el pecho y no come desde esta maÃ±ana despuÃ©s de vomitar.",,,,,,
"Has she had diarrhea or fever? Nurse, the girl has dry mucusal surfaces. Please hydrate her with intravenous physiologic solution.","Â¿Ha tenido diarrea o fiebre?. Enfermera, la niÃ±a tiene las mucosas secas. Por favor, pÃ³ngale una hidrataciÃ³n con soluciÃ³n fisiolÃ³gica endovenosa.",https://practicingspanish.com/22bebe.html,"
Has ella tenido diarrea o fiebre? Enfermera, la niÃ±a tiene superficies muco-cistosas secas. Por favor, hidrata con soluciÃ³n fisiolÃ³gica intravenosa.",,,,,,
"No, she has not had diarrhea, but fever, yes, two times, of 103 degrees, that don't go away completely with the medicine.","No, no ha tenido diarrea, pero fiebre sÃ­, en dos oportunidades, de 103 grados, que no se quitan completamente con la medicina.",https://practicingspanish.com/22bebe.html,"

No ha tenido diarrea, pero sÃ­ ha tenido fiebre, dos veces de 103 grados, que no se desvanecen completamente con la medicina.",,,,,,
"Nurse, prepare equipment for lumbar puncture. We will have to rule out meningitis.","Enfermera, prepare un equipo para punciÃ³n lumbar. Tendremos que descartar meningitis.",https://practicingspanish.com/22bebe.html,"ğŸ¤” Enfermera, prepara equipo para puncura lumbar. Necesitamos establecer un diagnÃ³stico de meningitis.",,,,,,
"Doctor, what are you going to do to her?","Doctor, Â¿quÃ© le va a hacer?",https://practicingspanish.com/22bebe.html,"ï¿½ngel doctor, Â¿quÃ© le harÃ¡s a ella?",,,,,,
We will have to take liquid from the spine. We will use a special needle and local anesthesia. Don't worry. It will not hurt her.,"Tendremos que tomar lÃ­quido de la mÃ©dula espinal. Usaremos una aguja especial y anestÃ©sico local. No se preocupe, que no le dolerÃ¡.",https://practicingspanish.com/22bebe.html," Le hararemos una punciÃ³n en la columna vertebral. Utilizaremos una aguja especial y anestesia local. No te preocupes, no le causarÃ¡ dolor.",,,,,,
And after that?,Â¿Y despuÃ©s de eso?,https://practicingspanish.com/22bebe.html, Â¿Y despuÃ©s de eso?,,,,,,
"We will send the sample to the laboratory, to have a precise diagnosis.","Mandaremos la muestra al laboratorio, para tener un diagnÃ³stico preciso.",https://practicingspanish.com/22bebe.html, Le enviamos el muestreo al laboratorio para un diagnÃ³stico preciso.,,,,,,
,,,"

1. The cat is sleeping on the bed. La gata estÃ¡ durmiendo en la cama.
2. The dog is barking at the mailman. El perro estÃ¡ ladrÃ¡ndole al cartero.
3. The baby is crying in the crib. El bebÃ© estÃ¡ llorando en el coche.
4. The teacher is writing on the blackboard. La profesora estÃ¡ escribiendo en la pizarra.
5. The student is studying for the exam. El estudiante estÃ¡ estudiando para el examen.",,,,,,
Help me doctor! My daughter's belly hurts her so much and she does not stop crying.,Â¡AyÃºdeme doctor! A mi hija le duele demasiado el vientre y no para de llorar.,https://practicingspanish.com/16rosana.html," Â¡MÃ©dico, ayuda! Mi hija estÃ¡ tan dolorido en el vientre y no para llorar.",,,,,,
"She is pallid. When was your last period, Rosana?",EstÃ¡ pÃ¡lida. Â¿CuÃ¡ndo fue tu Ãºltimo perÃ­odo Rosana?,https://practicingspanish.com/16rosana.html," Â¿CuÃ¡ndo fue la Ãºltima menstruaciÃ³n, Rosana?",,,,,,
"Just now it is present since this morning, with many clots, and it hurts me a lot. Help me, please!","Justamente me estÃ¡ bajando desde esta maÃ±ana, con muchos coÃ¡gulos y me duele mucho. Â¡AyÃºdeme, por favor!",https://practicingspanish.com/16rosana.html, Â¡Justo ahora estÃ¡ presente desde esta maÃ±ana con muchos coÃ¡gulos y me duele mucho! Â¡AyÃºdame por favor!,,,,,,
"Do you have a boyfriend, Rosana? Do you think that you are pregnant? Nurse, start IV fluid please.","Â¿Tienes novio Rosana? Â¿Crees que estÃ¡s embarazada? Enfermera, pÃ³ngale una hidrataciÃ³n intravenosa, por favor.",https://practicingspanish.com/16rosana.html,"

Please translate the sentence into Spanish and return only the translated sentence.",,,,,,
"Doctor! But she is only fourteen years old. She does not go out with anybody, she is still too young for that.","Â¡Doctor! Si sÃ³lo tiene catorce aÃ±os. Ella no sale con nadie, todavÃ­a es joven para eso.",https://practicingspanish.com/16rosana.html,"Â¿Doctor? Â¡Pero ella solo tiene catorce aÃ±os! No sale con nadie, todavÃ­a es demasiado joven para eso.",,,,,,
"Doctor, it hurts me a lot!","Doctor, Â¡me duele mucho!",https://practicingspanish.com/16rosana.html,"Â¡Doctor, me duele mucho!",,,,,,
"Nurse, come with me to do a gynecological exam. And include a pregnancy test in the laboratory orders.","Enfermera, venga conmigo, para hacer el examen ginecolÃ³gico; e incluya una prueba de embarazo en las Ã³rdenes de laboratorio.",https://practicingspanish.com/16rosana.html,"â‚ Enfermera, Â¿vienes conmigo para hacer un examen ginecolÃ³gico? Y incluye una prueba de embarazo en las Ã³rdenes del laboratorio.",,,,,,
"Sir, I have to inform you that your daughter is on the way to the operating room. She is having a miscarriage.","SeÃ±or, tengo que informarle que su hija estÃ¡ en camino a la sala de operaciones. EstÃ¡ teniendo un aborto espontÃ¡neo.",https://practicingspanish.com/16rosana.html," SeÃ±or, debo informarle que su hija se encuentra en camino al quirÃ³fico y estÃ¡ sufriendo un aborto.",,,,,,
,,,"

1. The cat is sleeping on the bed. La gata estÃ¡ durmiendo en la cama.
2. The dog is barking at the mailman. El perro estÃ¡ ladrÃ¡ndole al cartero.
3. The baby is crying in the crib. El bebÃ© estÃ¡ lloriqueando en el colegio.
4. The teacher is writing on the blackboard. La profesora estÃ¡ escribiendo en la pizarra.
5. The student is studying for the exam. El estudiante estÃ¡ estudiando para el examen.",,,,,,
"I bring to you Ricardo, because he has not had a bowel movement for five days.","Le traigo a Ricardo, porque tiene cinco dÃ­as que no puede evacuar.",https://practicingspanish.com/29ricardo.html, Te traigo a Ricardo porque no ha tenido una evacuaciÃ³n intestinal en cinco dÃ­as.,,,,,,
Is he eating normally?,Â¿EstÃ¡ comiendo normalmente?,https://practicingspanish.com/29ricardo.html, Â¿Come de manera normal?,,,,,,
"Not now. Initially, he was eating all his food, but yesterday his appetite began to diminish. Now, he only wants to drink liquids, and when I touch his belly, he complains.","Ya no. Inicialmente estaba comiendo toda su comida, pero ayer empezÃ³ a disminuir su apetito. Ahora, sÃ³lo quiere tomar cosas lÃ­quidas, y cuando le toco la barriga, se queja.",https://practicingspanish.com/29ricardo.html," No ahora. Al principio, estaba comiendo todo su comida, pero hace un dÃ­a que su apetito empezÃ³ a disminuir. Ahora solo quiere beber lÃ­quidos y cuando le toco su estÃ³mago, se queja.",,,,,,
"I understand. In reality, he looks a bit distended. Has he had anything else, like vomiting or fever?","Entiendo. En realidad, luce un poco distendido. Â¿Ha tenido alguna otra cosa, como vÃ³mitos o fiebre?",https://practicingspanish.com/29ricardo.html," Entiendo. En realidad, parece un poco inflado. Â¿Ha tenido algo mÃ¡s, como vomitos o fiebre?",,,,,,
"This morning he burped, and threw up part of the milk that he had drunk. I took his temperature, but he did not have a fever.","Esta maÃ±ana eructÃ³, y expulsÃ³ parte de la leche que habÃ­a tomado. Le tomÃ© la temperatura, pero no tenÃ­a fiebre.",https://practicingspanish.com/29ricardo.html," This morning he burped, and threw up part of the milk that he had drunk. I took his temperature, but he did not have a fever.",,,,,,
"Some little children can have intestinal obstruction, which begins with those symptoms. I am going to request an abdominal xray to guide us in the diagnosis.","Algunos niÃ±os pequeÃ±os pueden tener obstrucciÃ³n intestinal, que inicia con estos sÃ­ntomas. Le voy a pedir un rayos X de abdomen para orientarnos en el diagnÃ³stico.",https://practicingspanish.com/29ricardo.html," Algunos niÃ±os pequeÃ±os pueden tener una obstrucciÃ³n intestinal, que comienza con estos sÃ­ntomas. Va a solicitar una radiografÃ­a abdominal para ayudarnos en el diagnÃ³stico.",,,,,,
"Doctor, do you have my son's results now?","Â¿Doctor, ya tiene los resultados de mi hijo?",https://practicingspanish.com/29ricardo.html,"Â¿Doctor, Â¿tienes los resultados de mi hijo ahora?",,,,,,
"Yes. The radiograph shows that it is only a case of severe constipation. We are going to give him an enema. Afterwords, you will take him home, and you are going to give him a mild laxative for a few days, to help him to regulate the bowel movements.","SÃ­. La radiografÃ­a muestra que sÃ³lo es un caso de constipaciÃ³n severa. Le vamos a colocar un enema. DespuÃ©s, se lo llevarÃ¡ a casa, y le va a dar un laxante suave por varios dÃ­as, para ayudarlo a regular los movimientos intestinales.",https://practicingspanish.com/29ricardo.html," SÃ­. La radiografÃ­a muestra que solo es un caso de constipaciÃ³n severa. Le vamos a darle una enema. Luego, se llevarÃ¡ a casa y le darÃ¡ un laxante suave durante unos dÃ­as para ayudarle a regular sus movimientos intestinales.",,,,,,
,,,"

1. The cat is sleeping on the bed. La gata estÃ¡ durmiendo en la cama.
2. The dog is barking at the mailman. El perro estÃ¡ ladrÃ¡ndole al cartero.
3. The baby is crying in the crib. El bebÃ© estÃ¡ llorando en el coche.
4. The teacher is writing on the blackboard. La profesora estÃ¡ escribiendo en la pizarra.
5. The student is studying for the exam. El estudiante estÃ¡ estudiando para el examen.",,,,,,
"Doctor, my daughter is here because she has very irregular periods. Sometimes it comes every month, then 2 or 3 months go by without it coming.","Doctor, le traigo a la niÃ±a porque tiene las menstruaciones muy irregulares. Unas veces le viene todos los meses, luego pasa 2 Ã³ 3 meses sin venirle.",https://practicingspanish.com/47herminia.html,"Â¿Doctor, mi hija estÃ¡ aquÃ­ porque tiene periods muy irregulares? A veces viene cada mes, y luego pasan dos o tres meses sin venir.",,,,,,
How long ago is it that she had her first menstruation? Has it always been irregular like that?,Â¿CuÃ¡nto tiempo hace que tuvo su primera menstruaciÃ³n? Â¿Siempre ha sido asÃ­ irregular?,https://practicingspanish.com/47herminia.html, Â¿CuÃ¡nto tiempo hace de su primera regla? Â¿Ha sido siempre asÃ­?,,,,,,
"Two years ago I began with my periods. At first, it normally came every month, but 8 months ago it began to be irregular.","Hace dos aÃ±os que empecÃ© con mis perÃ­odos. Al principio, me venÃ­a todos los meses normalmente, pero desde hace 8 meses comenzÃ³ a ser irregular.",https://practicingspanish.com/47herminia.html,"2 aÃ±os atrÃ¡s empecÃ© con mis perÃ­odos. Al principio venÃ­a cada mes, pero hace 8 meses que empezÃ³ a ser irregular.",,,,,,
"She is also worried because she says that her facial hair is thickening, and many pimples are appearing.","AdemÃ¡s, ella estÃ¡ preocupada porque dice que el vello se le estÃ¡ haciendo mÃ¡s grueso en la cara, y le estÃ¡n saliendo muchos granos.",https://practicingspanish.com/47herminia.html,"

Please translate the sentence into Spanish for me.",,,,,,
Have you gained weight recently?,Â¿Has notado si estÃ¡s aumentando de peso Ãºltimamente?,https://practicingspanish.com/47herminia.html, Has gainado peso recientemente?,,,,,,
"Well, in reality, yes. In these last months, I have gained 5 pounds.","Bueno, en realidad sÃ­. En estos Ãºltimos meses he aumentado 5 libras de peso.",https://practicingspanish.com/47herminia.html,"â“ Â¿En realidad, sÃ­? En estos Ãºltimos meses, he ganado 5 libras.",,,,,,
"Which seems strange to me, because she is eating the same amount.","Lo que a mÃ­ me parece raro, porque ella estÃ¡ comiendo en las mismas cantidades.",https://practicingspanish.com/47herminia.html," Â¿QuÃ© parece extraÃ±o a mÃ­, porque estÃ¡ comiendo la misma cantidad.",,,,,,
"I am going to order a blood hormonal profile and a pelvic untrasound. Some girls can have this disorder, due to a hormonal imbalance known as polycystic ovary syndrome.","Le voy a pedir un perfil hormonal en sangre y un ultrasonido pÃ©lvico. Algunas niÃ±as pueden presentar este trastorno, debido a un desequilibrio hormonal, conocido como sÃ­ndrome de ovarios poliquÃ­sticos.",https://practicingspanish.com/47herminia.html,"

Please translate the sentence into Spanish.",,,,,,
So that's why I have these changes?,Â¿Y por eso es que tengo estos cambios?,https://practicingspanish.com/47herminia.html, Â¿Por quÃ© tengo estas cambios?,,,,,,
"Don't worry. Once the diagnosis is made, I will prescribe for you treatment by means of hormones, which will regulate periods for you, and will improve your skin condition.","No te preocupes. Una vez hecho el diagnÃ³stico, te indicaremos tratamiento a base de hormonas, que te regularizarÃ¡n las menstuaciones y mejorarÃ¡n la condiciÃ³n de tu piel.",https://practicingspanish.com/47herminia.html," No te preocupes. Una vez que se hace el diagnÃ³stico, te recetarÃ© tratamiento con hormonas, que regularizarÃ¡n tus periodos y mejorarÃ¡n tu condiciÃ³n cutÃ¡nea.",,,,,,
,,,"

1. The cat is sleeping on the bed. La gata estÃ¡ durmiendo en la cama.
2. The dog is barking at the mailman. El perro estÃ¡ ladrÃ¡ndole al cartero.
3. The baby is crying in the crib. El bebÃ© estÃ¡ lloriqueando en el colegio.
4. The teacher is writing on the blackboard. La profesora estÃ¡ escribiendo en la pizarra.
5. The student is studying for the exam. El estudiante estÃ¡ estudiando para el examen.",,,,,,
Hello!,Â¡AlÃ³!,https://practicingspanish.com/59mama.html, Â¡Hola!,,,,,,
Mrs. VelÃ¡squez?,Â¿La seÃ±ora VelÃ¡squez?,https://practicingspanish.com/59mama.html, SeÃ±ora VelÃ¡squez?,,,,,,
"Yes, it is I. Who is calling?","SÃ­, soy yo. Â¿QuiÃ©n llama?",https://practicingspanish.com/59mama.html, Â¡SÃ­ soy yo! Â¿QuiÃ©n llama?,,,,,,
"I am Dr. PÃ©rez. I want to speak with you about the results of the laboratory tests that we did on Manuel last week, when he came for his routine check up.","Soy el Dr. PÃ©rez. Quiero hablar con Usted de los resultados de los exÃ¡menes de laboratorio, que le hicimos a Manuel la semana pasada, cuando vino para su chequeo de rutina.",https://practicingspanish.com/59mama.html," Â¡Soy el Dr. PÃ©rez! Quiero hablar contigo sobre los resultados de las pruebas de laboratorio que hicimos a Manuel la semana pasada, cuando vino por su revisiÃ³n rutinaria.",,,,,,
Why? Is there something wrong?,Â¿Por quÃ©? Â¿Hay algo malo?,https://practicingspanish.com/59mama.html,Â¿Por quÃ©? Â¿Hay algo malo?,,,,,,
"He has anemia due to a lack of iron in the diet, and we must treat him for that.","Tiene anemia por falta de hierro en la comida, y debemos darle tratamiento.",https://practicingspanish.com/59mama.html,"

Please translate only the sentence into Spanish.",,,,,,
Anemia? But isn't that when the children are pallid and weak?,Â¿Anemia? Â¿Pero eso no es cuando los niÃ±os estÃ¡n pÃ¡lidos y dÃ©biles?,https://practicingspanish.com/59mama.html," Â¿Anemia? Â¡No, es cuando los niÃ±os son pÃ¡lidos y dÃ©biles!",,,,,,
What is happening with Manuel is that his condition is moderate. Therefore he does not have symptoms.,Lo que sucede con Manuel es que su condiciÃ³n es moderada. Por eso no presenta ningÃºn sÃ­ntoma.,https://practicingspanish.com/59mama.html," Lo que estÃ¡ sucediendo con Manuel es que su condiciÃ³n es moderada. Por lo tanto, no tiene sÃ­ntomas.",,,,,,
"But then if it is moderate and he does not have symptoms, why does he need medicine?","Pero entonces, si es moderada y no tiene sÃ­ntomas, Â¿por quÃ© necesita medicina?",https://practicingspanish.com/59mama.html," Pero si es moderado y no tiene sÃ­ntomas, Â¿por quÃ© necesita medicina?",,,,,,
"To avoid problems with his mental development. The red blood cells of Manuel are small and pallid, and the levels of iron are low.","Para que no haya problemas del desarrollo cognitivo. Los glÃ³bulos rojos de Manuel estÃ¡n pequeÃ±os y pÃ¡lidos, y los niveles de hierro estÃ¡n bajos.",https://practicingspanish.com/59mama.html," Para evitar problemas en el desarrollo mental de Manuel. Las cÃ©lulas rojas de Manuel son pequeÃ±as y pÃ¡lidas, y los niveles de hierro estÃ¡n bajos.",,,,,,
"Problems with development? But he is already two years old, and he is growing so well...","Â¿Problemas del desarrollo? Pero, ya tiene dos aÃ±os, y estÃ¡ creciendo tan bien...",https://practicingspanish.com/59mama.html,"

Â¿Problemas con el desarrollo? Â¡Pero ya tiene dos aÃ±os y crece tan bien!",,,,,,
"Yes, but if the iron deficiency persists, he can have learning difficlties when he is in school. Does he drink a lot of milk?","SÃ­, pero si la deficiencia de hierro persiste, puede tener dificultades de aprendizaje cuando estÃ© en la escuela. Â¿Ã‰l toma mucha leche?",https://practicingspanish.com/59mama.html," Â¡SÃ­! Pero si la deficiencia de hierro persiste, puede tener dificultades para aprender en la escuela. Â¿Le gusta el leche?",,,,,,
"Yes, of course, the only thing that he drinks is milk, all the time, and he eats quite a bit of bread, fruits, beans...","SÃ­, claro, lo Ãºnico que toma es leche, a toda hora, y come bastante pan, frutas, frijoles...",https://practicingspanish.com/59mama.html," Â¡SÃ­, por supuesto! El Ãºnico cosa que bebe es leche, todo el tiempo, y come bastante frutas, judÃ­as...",,,,,,
The excess milk is probably contributing to worsen the anemia. And does he eat enough red meat and chicken?,La leche en exceso probablemente estÃ¡ contribuyendo a empeorar la anemia. Â¿Y come suficientes carnes rojas y pollo?,https://practicingspanish.com/59mama.html,"

Please translate the sentence into Spanish, leaving only the sentence translated.",,,,,,
"Oh, doctor, that, yes, is difficult. He doesn't like any kind of meat","Ay, doctor, eso sÃ­ es difÃ­cil. No le gusta ninguna de las carnes.",https://practicingspanish.com/59mama.html," Â¡Oh, doctor! Â¡Eh, sÃ­, es difÃ­cil! No le gusta ningÃºn tipo de carne.",,,,,,
"Well, that is the explanation of the problem. I am going to prescribe iron for him. What is the name and telephone number of your pharmacy?","Bueno, esa es la explicaciÃ³n del problema. Le voy a indicar hierro. Â¿CuÃ¡l es el nombre y el nÃºmero de telÃ©fono de su farmacia?",https://practicingspanish.com/59mama.html, Â¡Bueno! Eso es la explicaciÃ³n del problema. Voy a recetar hierro para Ã©l. Â¿CuÃ¡l es el nombre y el nÃºmero de telÃ©fono de tu farmacia?,,,,,,
Let me search for that information. Over here nearby I have it.,DÃ©jeme buscar esa informaciÃ³n. Por aquÃ­ cerca la tengo.,https://practicingspanish.com/59mama.html,"

Please translate the sentence ""Let me search for that information"" into Spanish.",,,,,,
"Good. Additionally, when you feed him, try to give him more meat and green vegatables, and less milk. Return here in two months to do the tests again. Agreed?","Bien. Adicionalmente, cuando lo alimente, intente darle mÃ¡s carne y vegetales verdes, y menos leche. Regrese aquÃ­ en dos meses para hacerle las pruebas otra vez. Â¿De acuerdo?",https://practicingspanish.com/59mama.html," Â¡Buen! AdemÃ¡s, cuando le des la comida, trata de darle mÃ¡s carne y vegetales verdes, y menos leche. Regresa aquÃ­ en dos meses para hacer los exÃ¡menes nuevamente. Â¿EstÃ¡s de acuerdo?",,,,,,
"Yes, doctor, thanks for calling me.","SÃ­, doctor, gracias por llamarme.",https://practicingspanish.com/59mama.html," Â¡Doctor, gracias por llamarme!",,,,,,
,,,"

1. The cat is sleeping on the bed. La gata estÃ¡ durmiendo en la cama.
2. The dog is barking at the mailman. El perro estÃ¡ ladrando al cartero.
3. The baby is crying in the crib. El bebÃ© estÃ¡ lloriqueando en el colegio.
4. The teacher is writing on the blackboard. La profesora estÃ¡ escribiendo en la pizarra.
5. The student is studying for the exam. El estudiante estÃ¡ estudiando para el examen.",,,,,,
Why didn't this inhaler work last night when I was having trouble breathing?,Â¿Por quÃ© este inhalador no funcionÃ³ anoche cuando tenÃ­a dificultad para respirar?,https://practicingspanish.com/66alfredo.html, Â¿Por quÃ© no funcionÃ³ esta inhalador noche pasada cuando estaba teniendo dificultades para respirar?,,,,,,
"That medicine is an inhaled steroid, and doesn't work like albuterol does for respiratory emergencies. Alfredo, there are two components of asthma, airway hyperractivity, and chronic inflammation.","Esa medicina es un esteroide, y no funciona para emergencias respiratorias como lo hace el albuterol. Alfredo, hay dos componentes en el asma, la hiperreactividad de las vÃ­as aÃ©reas, y la inflamaciÃ³n crÃ³nica.",https://practicingspanish.com/66alfredo.html," La medicina es un esteroide inhalado y no funciona como el albuterol en emergencias respiratorias. Alfredo, hay dos componentes de la asma, la hiperactividad bronquial y la inflamaciÃ³n crÃ³nica.",,,,,,
"When someone with asthma is exposed, for example, to an allergen, virus, or change in climate, the airways may contract, or squeeze, making air movement difficult. That is hyperreactivity.","Cuando alguien con asma es expuesto, por ejemplo, a algÃºn alergeno, virus, o cambio de clima, las vÃ­as respiratorias se pueden contraer, o estrechar, haciendo difÃ­cil el movimiento de aire. Eso es hiperreactividad.",https://practicingspanish.com/66alfredo.html," When someone with asthma is exposed, for example, to an allergen, virus, or change in climate, the airways may contract, or squeeze, making air movement difficult. That is hyperreactivity.",,,,,,
"On the other hand, chronic underlying inflammation within the lining of the airways is the other component of asthma. To diminish this factor, the inhaled steroid is used daily throughout the year. It is a gradual process.","Por otro lado, la inflamaciÃ³n crÃ³nica subyacente del revestimiento de las vÃ­as aÃ©reas es el otro componente del asma. Para disminuir este factor, se usa el esteroide inhalado diariamente durante todo el aÃ±o. Es un proceso gradual.",https://practicingspanish.com/66alfredo.html," Por otro lado, la inflamaciÃ³n crÃ³nica subyacente en la limpieza de las vÃ­as respiratorias es el otro componente del asma. Para mitigar este factor, se utiliza el sterÃ³ide inhalado diariamente durante todo el aÃ±o. Es un proceso gradual.",,,,,,
"And when you have shortness of breath, the albuterol inhaler works quickly to dilate and open the airways.","Y cuando tiene falta de aire, el inhalador de albuterol trabaja rÃ¡pidamente para dilatar y abrir las vÃ­as respiratorias.",https://practicingspanish.com/66alfredo.html," Y cuando tienes dificultad para respirar, el inhalador de albuterol funciona rÃ¡pidamente para dilatar y abrir las vÃ­as respiratorias.",,,,,,
Why do I have to brush my teeth after using the steroid inhaler?,Â¿Por quÃ© tengo que cepillarme los dientes despuÃ©s de usar el inhalador de esteroides?,https://practicingspanish.com/66alfredo.html, Â¿Por quÃ© tengo que cepillar mis dientes despuÃ©s de usar el inhalador de esteroides?,,,,,,
"That helps to clean up the residue of the medicine that did not go into your lungs, and remained in your mouth.","Eso ayuda a limpiar los residuos de la medicina que no entraron en los pulmones, y quedaron en su boca.",https://practicingspanish.com/66alfredo.html,..................................................,,,,,,
Is the albuterol in the inhaler different from the albuterol in the nebulizer machine?,Â¿El albuterol en el inhalador es diferente del albuterol en la mÃ¡quina de nebulizaciÃ³n?,https://practicingspanish.com/66alfredo.html,"

Please translate only the sentence into Spanish.",,,,,,
"It is the same medicine, and when the inhaler is used properly, it has the same effect as the nebulizer machine with mask and tubing.","Es la misma medicina, y cuando el inhalador se usa apropiadamente tiene el mismo efecto que el nebulizador con mascarilla y manguera de conexiÃ³n.",https://practicingspanish.com/66alfredo.html," Es el mismo medicamento y, al usarlo correctamente, tiene el mismo efecto que la nebulizadora con mascarilla y tubos.",,,,,,
"Remember that with the albuterol inhaler, you first must exhale completely. Then while you breathe in slowly and deeply, depress the canister, inhale as much as possible, and hold your breath for ten seconds.","Recuerde que con el inhalador de albuterol, primero debe botar el aire completamente. Luego mientras toma el aire lenta y profundamente, oprima la lata, inhale la mayor cantidad posible y contenga la respiraciÃ³n durante diez segundos.",https://practicingspanish.com/66alfredo.html," Recorda que con el inhalador de albuterol, primero debes exhalar por completo. Luego, mientras respires lentamente y profundamente, presiona el canistro y inhala lo mÃ¡s posible durante diez segundos.",,,,,,
What is this medicine that I have to take orally for five days? Is it an antibiotic?,Â¿QuÃ© medicina es esta que tengo que tomar vÃ­a oral por cinco dÃ­as? Â¿Es un antibiÃ³tico?,https://practicingspanish.com/66alfredo.html, Â¿QuÃ© medicamento es este que debo tomar por vÃ­a oral durante cinco dÃ­as? Â¿Es un antibiÃ³tico?,,,,,,
"No, it is an oral steroid. It is a powerful anti-inflammatory medicine to help you overcome the asthma exacerbation. For the next two days, you will have to use the albuterol frequently, every four hours.","No, es un esteroide oral. Es una poderosa medicina anti-inflamatoria para ayudarle a superar la exacerbaciÃ³n del asma. Por los prÃ³ximos dos dÃ­as va a tener que usar el albuterol frecuentemente, cada cuatro horas.",https://practicingspanish.com/66alfredo.html," No es una sterÃ³ide oral. Es un medicamento antiinflamatorio poderoso para ayudarte a superar la exacerbaciÃ³n del asma. Por los prÃ³ximos dos dÃ­as, tendrÃ¡s que usar el albuterol con frecuencia, cada cuatro horas.",,,,,,
"You should come for a follow up visit in 48 hours, but if the symptoms worsen at night, you will have to go to the emergency room. And of course, you cannot be exposed to cigarette smoke.","Debe venir para una visita de seguimiento en 48 horas, pero si los sÃ­ntomas empeoran por la noche, tendrÃ¡ que ir a la sala de emergencia. Y por supuesto, no puede estar expuesto al humo de cigarrillo.",https://practicingspanish.com/66alfredo.html,"

Please translate the sentence into Spanish.",,,,,,
,,,"

1. The cat is sleeping on the bed. La gata estÃ¡ durmiendo en la cama.
2. The dog is barking at the mailman. El perro estÃ¡ ladrÃ¡ndole al cartero.
3. The baby is crying in the crib. El bebÃ© estÃ¡ llorando en el colegio.
4. The teacher is writing on the blackboard. La profesora estÃ¡ escribiendo en la pizarra.
5. The student is studying for the exam. El estudiante estÃ¡ estudiando para el examen.",,,,,,
"Omar is a year old, and he is a very healthy boy. His weight and size are normal, but we need to talk about something important.","Omar tiene un aÃ±o de edad, y es un niÃ±o muy sano. Su peso y su tamaÃ±o son normales, pero necesitamos hablar de algo importante.",https://practicingspanish.com/71omar.html," Omar tiene un aÃ±o y es un niÃ±o muy saludable. Su peso y tamaÃ±o son normales, pero necesitamos hablar de algo importante.",,,,,,
"Oh doctor, don't scare us! He eats very well.","Â¡Ay doctor, no nos asuste! Ã‰l come muy bien.",https://practicingspanish.com/71omar.html," Â¡Oh doctor, no nos asustees! Come muy bien.",,,,,,
"Yes, I know. It is about something else that I want to talk to you. When I examined Omar, I noticed that the left testicle is not in the scrotum.","SÃ­, lo sÃ©. Es de otra cosa que quiero hablarles. Cuando examinÃ© a Omar, notÃ© que el testÃ­culo izquierdo no estÃ¡ en el escroto.",https://practicingspanish.com/71omar.html," SÃ­, lo sÃ©. Se trata de otra cosa que quiero hablar contigo. Cuando examinÃ© a Omar, notÃ© que el testÃ­culo izquierdo no estÃ¡ en la escrota.",,,,,,
What? And so then where is it?,Â¿QuÃ©? Â¿Y entonces dÃ³nde estÃ¡?,https://practicingspanish.com/71omar.html, Â¿Y asÃ­ entonces dÃ³nde estÃ¡?,,,,,,
"For the moment, we must do a study to see if he was in effect born with the left testicle. It is probably hidden higher up in his body. Once it is localized, it will be necessary to operate.","Por lo pronto, debemos hacerle un estudio para ver, si en efecto, naciÃ³ con el testÃ­culo izquierdo. Probablemente estÃ¡ escondido mÃ¡s arriba en su cuerpo. Una vez que sea localizado, habrÃ¡ que operarlo.",https://practicingspanish.com/71omar.html," Por el momento, debemos hacer un estudio para ver si naciÃ³ con el testÃ­culo izquierdo. Probablemente estÃ¡ escondido mÃ¡s alto en su cuerpo. Una vez que se haya localizado, serÃ¡ necesario operar.",,,,,,
And is it necessary to do it? Will he be a normal man when he grows up?,"Â¿Y es necesario hacerlo? Â¿SerÃ¡ un hombre normal, despuÃ©s que crezca?",https://practicingspanish.com/71omar.html, Â¿Es necesario hacerlo? SerÃ¡ un hombre normal cuando crezca?,,,,,,
"Yes. It is necessary. If the testicles do not descend at birth, or during the first year, it is important to do the surgery, to place them down in the scrotum. It is the only way that they will be able to function normally in the future.","SÃ­. Es necesario. Si los testÃ­culos no descienden al nacer, o durante el primer aÃ±o, es importante hacer la cirugÃ­a para colocarlos en el escroto. Es la Ãºnica forma de que funcionen normalmente en el futuro.",https://practicingspanish.com/71omar.html," SÃ­. Es necesario. Si los testÃ­culos no bajan en el nacimiento o durante el primer aÃ±o, es importante hacer la cirugÃ­a para colocarlos en el escroto. Solo de esta manera podrÃ¡n funcionar correctamente en el futuro.",,,,,,
Can something else happen if the testicle never lowers into the scrotum?,Â¿Puede ocurrir algo mÃ¡s si el testÃ­culo nunca baja al escroto?,https://practicingspanish.com/71omar.html, Â¿Puede algo mÃ¡s suceder si el testÃ­culo nunca baja al escroto?,,,,,,
It can increase the risk of cancer.,Puede aumentar el riesgo de cÃ¡ncer.,https://practicingspanish.com/71omar.html,,,,,,,
And what do we have to do now?,Â¿Y ahora quÃ© tenemos que hacer?,https://practicingspanish.com/71omar.html, Â¿Y ahora quÃ© es lo que tenemos que hacer?,,,,,,
I am going to request an ultrasound and ask for an evaluation by the pediatric surgeon.,Voy a pedir un ultrasonido y a solicitar una evaluaciÃ³n con el cirujano pediÃ¡trico.,https://practicingspanish.com/71omar.html,"

I will request an ultrasound and ask for an evaluation by the pediatric surgeon.",,,,,,
,,,"

1. The cat is sleeping on the bed. La gata estÃ¡ durmiendo en la cama.
2. The dog is barking at the mailman. El perro estÃ¡ ladrÃ¡ndole al cartero.
3. The baby is crying in the crib. El bebÃ© estÃ¡ lloriqueando en la hamaca.
4. The man is reading a book on the beach. El hombre estÃ¡ leyendo un libro en la playa.
5. The woman is cooking dinner in the kitchen. La mujer estÃ¡ cocinando la comida en la cocina.",,,,,,
"The cervix is completely dilated, Mrs. Dugarte. Now it is time, you are ready to give birth.","El cuello del Ãºtero estÃ¡ completamente dilatado, Sra. Dugarte. Ya es la hora, estÃ¡ lista para parir.",https://practicingspanish.com/69luciano.html,"
=======================

Please provide the sentence in English and I will be happy to translate it into Spanish for you.",,,,,,
"But it hurts a lot. Give me something for the pain, please.","Pero me duele mucho. PÃ³nganme algo para el dolor, por favor.",https://practicingspanish.com/69luciano.html,"

Please provide the sentence translated into Spanish only.",,,,,,
"Yes, we will place the epidural anesthesia, but first we are going to lay you down on the bed.","SÃ­, le colocaremos la anestesia epidural, pero primero vamos a acostarla en esta camilla.",https://practicingspanish.com/69luciano.html," Â¡SÃ­, vamos a colocar la anestesia epidural, pero primero vamos a tenderte en la cama.",,,,,,
"Lie down in a fetal position. We are going to clean the lower area of your back. Later, you are going to feel a pinch in the spine, but when that happens, please, do not move.","AcuÃ©stese en posiciÃ³n fetal. Vamos a limpiar la zona baja de su espalda. Luego, va a sentir un pinchazo en la columna, pero cuando eso suceda, por favor, no se mueva.",https://practicingspanish.com/69luciano.html,,,,,,,
I feel like something is going toward my legs.,Siento como que algo va hacia las piernas.,https://practicingspanish.com/69luciano.html, Me siento como si algo se estÃ¡ dirigiendo hacia mis piernas.,,,,,,
"Yes, it is normal to feel something cold or a strange sensation toward your legs when the anesthesia begins to take effect. We will wait a few minutes.","SÃ­, es normal que sienta algo frÃ­o o una sensaciÃ³n extraÃ±a hacia las piernas cuando la anestesia empieza a hacer efecto. Esperaremos unos minutos.",https://practicingspanish.com/69luciano.html,"

Please translate the sentence into Spanish.",,,,,,
Now we are going to confirm the pain block. I am touching you with a little needle. Do you feel pain in any area of the legs where I have been touching?,"Ahora, vamos a constatar el bloqueo del dolor. La estoy tocando con una pequeÃ±a aguja. Â¿Siente dolor en alguna zona de las piernas donde he estado tocando?",https://practicingspanish.com/69luciano.html, Â¡Confirmamos el bloqueo de dolor! Estoy tocando con una aguja muy ligeramente. Â¿Sientes dolor en alguna Ã¡rea de las piernas donde estoy tocando?,,,,,,
"No, I do not feel anything, and I cannot move them!","No, no siento nada, Â¡y no puedo moverlas!",https://practicingspanish.com/69luciano.html,ï¿½No siento nada y no puedo moverme!,,,,,,
"Don't worry, that is normal. We will help you to position yourself on your back, in position for the birth. You are not going to have pain, but you are going to feel a kind of pressure when the baby begins to push.","Tranquila, eso es normal. La ayudaremos a colocarse sobre su espalda, en posiciÃ³n para el parto. No va a tener dolor pero va a sentir cierta presiÃ³n cuando el bebÃ© empiece a empujar.",https://practicingspanish.com/69luciano.html," No te preocupes, es normal. Te ayudaremos a posicionarte en tu dorso para el parto. No vas a tener dolor, pero vas a sentir un tipo de presiÃ³n cuando el bebÃ© comience a empujar.",,,,,,
"Yes, I am feeling it. I have to push.","SÃ­, lo estoy sintiendo. Tengo que pujar.",https://practicingspanish.com/69luciano.html," Â¡SÃ­, lo estoy sintiendo! Tengo que empujar.",,,,,,
"Okay. Take a deep breath. Hold it, and push! Very good. Again!",EstÃ¡ bien. Tome bastante aire. ContÃ©ngalo y Â¡puje! Muy bien. Â¡Otra vez!,https://practicingspanish.com/69luciano.html," Â¡Okay! Â¡JuntÃ© la respiraciÃ³n! Â¡RetÃ©nla y empÃ­eza!""",,,,,,
"Continue Mrs. Dugarte, push! Very good, now rest, and let's wait for the next contraction.","Siga SeÃ±ora Dugarte, Â¡puje! Muy bien, ahora descanse, y esperemos la prÃ³xima contracciÃ³n.",https://practicingspanish.com/69luciano.html,"
ContinÃºa, seÃ±ora Dugarte, empuje muy bien. Â¡Muy bien!, ahora descansa y esperemos el siguiente contracciÃ³n.",,,,,,
"Here comes the contraction. Push hard. Hold it. One, two, three, four, five...","AquÃ­ viene la contracciÃ³n. Â¡Puje fuerte! Â¡MantÃ©ngala! Uno, dos, tres, cuatro, cinco...",https://practicingspanish.com/69luciano.html," AquÃ­ viene la contracciÃ³n. Empuja fuerte. MantÃ©nlo. Uno, dos, tres, cuatro, cinco...",,,,,,
I am tired... How much more?,Estoy cansada... Â¿CuÃ¡nto mÃ¡s?,https://practicingspanish.com/69luciano.html,"

Please translate the sentence ""I am tired... How much more?"" into Spanish.",,,,,,
"Come on, my beautiful, only a little more!","Â¡Vamos mi linda, sÃ³lo un poco mÃ¡s!",https://practicingspanish.com/69luciano.html," Â¡Vamos, mi bella, solo un poco mÃ¡s!",,,,,,
"Now, you are almost ready. You cannot stop now. Here comes the contraction. Come on, push!","Ya, casi estÃ¡ lista. Ahora no puede parar. AquÃ­ viene la contracciÃ³n. Â¡Vamos, puje!",https://practicingspanish.com/69luciano.html," Â¡Ya estÃ¡s listo! No puedes parar ahora. AquÃ­ viene la contracciÃ³n. Vamos, empuje!",,,,,,
"Now I can see the hair and part of the head. Very good, rest until the next contraction. Nurse, give me the scissors for the episiotomy.","Ya puedo ver el pelo y parte de la cabeza. Muy bien, descanse hasta la siguiente contracciÃ³n. Enfermera, dÃ©me la tijera para episiotomÃ­a.",https://practicingspanish.com/69luciano.html,"
Ahora puedo ver el cabello y parte de la cabeza. Muy bien, descansar hasta la siguiente contracciÃ³n. Enfermera, Â¡dame las tijeras para la episiotomÃ­a!",,,,,,
"Now I can see him. Go on, my sweetheart, you can!","Â¡Ya puedo verlo. Lo veo. Anda mi corazÃ³n, tÃº puedes!",https://practicingspanish.com/69luciano.html," Â¡Ahora puedo verlo! Â¡Adelante, mi amor!, Â¿puedes!",,,,,,
In the next contraction the doctor is going to make a little cut to help the baby come out. Here comes the contraction. Push one more time!,En la siguiente contracciÃ³n la doctora va a hacer un pequeÃ±o corte para ayudar a salir al bebÃ©. AquÃ­ viene la contracciÃ³n. Â¡Puje una vez mÃ¡s!,https://practicingspanish.com/69luciano.html, En la prÃ³xima contracciÃ³n el mÃ©dico va a hacer un pequeÃ±o corto para ayudar al bebÃ© a salir. AquÃ­ viene la contracciÃ³n. Empuja una mÃ¡s vez!,,,,,,
"Perfect, head out. Very good, stop, do not push anymore! The baby is coming out. Here he is, it is a boy! Congratulations mom!","Perfecto, cabeza afuera. Â¡Muy bien, pare, no puje mÃ¡s! El bebÃ© estÃ¡ saliendo. Â¡AquÃ­ estÃ¡, es un varÃ³n! Â¡Felicitaciones mamÃ¡!",https://practicingspanish.com/69luciano.html," Â¡Perfecto! Â¡Salea la cabeza! Muy bien, para ya, no empujes mÃ¡s! Â¡El bebÃ© sale! Â¡Es un chico! Â¡Felicidades, mamÃ¡!",,,,,,
"Fantastic, he is very beautiful!","Â¡FantÃ¡stico, es bellÃ­simo!",https://practicingspanish.com/69luciano.html, Â¡FantÃ¡stico! Â¡Es muy guapo!,,,,,,
Is my baby okay?,Â¿Mi bebÃ© estÃ¡ bien?,https://practicingspanish.com/69luciano.html, Â¿Mi bebÃ© estÃ¡ bien?,,,,,,
"Don't you hear how he cries? He is perfect. They are cleaning him, and they are going to show him to you. Ahh, here he comes now... Dad brings him. What is his name going to be?","Â¿No lo oye como llora? EstÃ¡ perfecto. Lo estÃ¡n limpiando y ya se lo van a mostrar. Ahh, aquÃ­ viene ya... PapÃ¡ lo trae Â¿CÃ³mo se va a llamar?",https://practicingspanish.com/69luciano.html,"
Â¿No escuchas cÃ³mo llora? Â¡Es perfecto! Â¡Van limpiÃ¡ndolo y van a presentarlo contigo! AhÃ­ vieneee... Â¡El padre se lo lleva! Â¿QuÃ© le van a llamar?",,,,,,
"His name is Luciano. Luciano, I introduce you to your mom.","Su nombre es Luciano. Luciano, te presento a tu mamÃ¡.",https://practicingspanish.com/69luciano.html," Su nombre es Luciano. Luciano, te presento a tu madre.",,,,,,
"Welcome to the world little son, I am your mom.","Bienvenido al mundo hijito, soy tu mamÃ¡.",https://practicingspanish.com/69luciano.html,"â€ŸBienvenido al mundo, pequeÃ±o hijo, soy tu madreâ€.",,,,,,
,,,"

1. The cat is sleeping on the bed. La gata estÃ¡ durmiendo en la cama.
2. The dog is barking at the mailman. El perro estÃ¡ ladrÃ¡ndole al cartero.
3. The baby is crying in the crib. El bebÃ© estÃ¡ llorando en el coche.
4. The teacher is writing on the blackboard. La profesora estÃ¡ escribiendo en la pizarra.
5. The student is studying for the exam. El estudiante estÃ¡ estudiando para el examen.",,,,,,
My daughter has a cough with a lot of phlegm.,Mi hija tiene tos con mucha flema.,https://practicingspanish.com/13liliana.html, Mi hija tiene una tos con mucha flema.,,,,,,
Does she also have a fever?,Â¿TambiÃ©n tiene fiebre?,https://practicingspanish.com/13liliana.html, Â¿TambiÃ©n tiene fiebre?,,,,,,
"Yes, she has a high fever, and the mucus is greenish.","SÃ­, tiene fiebre alta, y el moco es verdoso.",https://practicingspanish.com/13liliana.html," SÃ­, tiene una fiebre alta y la mucosidad es verdeÃ¡cida.",,,,,,
Is she eating well?,Â¿EstÃ¡ comiendo bien?,https://practicingspanish.com/13liliana.html, Â¿Come ella bien?,,,,,,
She only wants liquids and she is somnolent.,SÃ³lo quiere lÃ­quidos y estÃ¡ somnolienta.,https://practicingspanish.com/13liliana.html, Ella solo quiere lÃ­quidos y estÃ¡ somnolenta.,,,,,,
"I hear some noises characteristic of pneumonia, here in the lower part of the right lung.","Se sienten algunos ruidos caracterÃ­sticos de neumonÃ­a, aquÃ­ en la parte baja del pulmÃ³n derecho.",https://practicingspanish.com/13liliana.html, Escucho algunos ruidos caracterÃ­sticos de la neumonÃ­a aquÃ­ en la parte inferior del pulmÃ³n derecho.,,,,,,
Is it necessary to hospitalize her?,Â¿Hay que hospitalizarla?,https://practicingspanish.com/13liliana.html,"

Please provide the sentence you want me to translate into Spanish.",,,,,,
"Be calm, first we will request x-rays and laboratory tests. Later we will decide.","TranquilÃ­cese, primero le pediremos rayos X de tÃ³rax y exÃ¡menes de laboratorio. Luego decidiremos.",https://practicingspanish.com/13liliana.html,,,,,,,
"Ok, I wait for the results.","EstÃ¡ bien, espero los resultados.",https://practicingspanish.com/13liliana.html," Â¡Ok, esperarÃ© los resultados!",,,,,,
I am going to admit your daughter. She has right basalar pneumonia.,Voy a ingresar a su hija. Tiene neumonÃ­a basal derecha.,https://practicingspanish.com/13liliana.html,"

Please provide the sentence you want me to translate into Spanish, and I will be happy to help.",,,,,,
